accession,FinancialStatementsNarrative,MD&A,Overview,RiskFactors
000010664024000151,-1.2735690688714385e-06,0.00010220480180578306,-0.011856497265398502,-0.22378127463161945
000010664025000075,-1.2735690688714385e-06,5.671904182236176e-05,0.9999659328216239,-0.11096451058983803
000010664025000117,-1.2735690688714385e-06,0.00010220480180578306,0.9995476069962024,-0.2226323038339615
000010664025000140,-1.2735690688714385e-06,0.00010220480180578306,-0.6276758462190628,-0.2226323038339615
