accession,FinancialStatementsNarrative,MD&A,RiskFactors
000032019324000081,-2.8001010377920466e-05,4.772654574480839e-05,-0.10164887085556984
000032019325000008,-2.8001010377920466e-05,2.6243935280945152e-05,-0.10164887085556984
000032019325000057,-2.8001010377920466e-05,2.6243935280945152e-05,-0.23066724836826324
000032019325000073,-2.8001010377920466e-05,4.772654574480839e-05,-0.15160208195447922
