accession,FinancialStatementsNarrative,MD&A,RiskFactors
000005849225000458,5.825858124808292e-07,0.00022072157116781455,-0.5011941269040108
