{
  "ticker": "LEG",
  "cik": "0000058492",
  "gaap_ttm": {
    "revenue_ttm": 7880800000.0,
    "net_income_ttm": 211100000.0,
    "eps_diluted_ttm": 1.5299999999999998,
    "diluted_shares_ttm": 138825000.0,
    "cfo_ttm": 368900000.0,
    "capex_ttm": 136300000.0,
    "fcf_ttm": 232600000.0,
    "rev_per_share": 56.767873221681974
  },
  "valuation": {
    "sector_used": "Industrials",
    "band_used": "low",
    "pe_anchor": 18.36,
    "ps_anchor": 56.767873221681974,
    "fair_value_low": 18.36,
    "fair_value_mid": 37.56393661084098,
    "fair_value_high": 56.767873221681974,
    "assumptions": {
      "PE": {
        "low": 12,
        "mid": 18,
        "high": 24
      },
      "PS": {
        "low": 1.0,
        "mid": 2.5,
        "high": 4.0
      }
    },
    "dcf_anchor": 24.81,
    "fair_value_blend": 31.19,
    "current_price": null
  },
  "filings": [
    {
      "accession": "000005849225000458",
      "primary": "leg-20250630.htm"
    }
  ]
}