accession,FinancialStatementsNarrative,MD&A,RiskFactors
000032019324000081,-2.8001098598906538e-05,4.772690044774208e-05,-0.10164858400821686
000032019325000008,-2.8001098598906538e-05,2.624396438477561e-05,-0.10164858400821686
000032019325000057,-2.8001098598906538e-05,2.624396438477561e-05,-0.23066630214452744
000032019325000073,-2.8001098598906538e-05,4.772690044774208e-05,-0.15160194784402847
