{
  "mid": {
    "ret7": {
      "intercept": 0.6646190032519315,
      "slope": 1.7611971977397842,
      "n": 69
    },
    "ret28": {
      "intercept": 2.3405542204124696,
      "slope": 10.91955421084191,
      "n": 69
    }
  },
  "mega": {
    "ret7": {
      "intercept": 0.6368375467036415,
      "slope": -3.967231884785469,
      "n": 89
    },
    "ret28": {
      "intercept": 2.044963250329099,
      "slope": -3.623117976094409,
      "n": 89
    }
  },
  "large": {
    "ret7": {
      "intercept": 1.34865014417929,
      "slope": 23.122288040311755,
      "n": 93
    },
    "ret28": {
      "intercept": 5.919645811842534,
      "slope": 28.298360316565425,
      "n": 93
    }
  },
  "micro": {
    "ret7": {
      "intercept": -5.021574038998796,
      "slope": 105.3251808168595,
      "n": 40
    },
    "ret28": {
      "intercept": -4.520283496135282,
      "slope": 151.7534318627472,
      "n": 40
    }
  },
  "small": {
    "ret7": {
      "intercept": 2.2229207879115034,
      "slope": -14.617579781703878,
      "n": 40
    },
    "ret28": {
      "intercept": 3.7918126913080634,
      "slope": -78.66805774539746,
      "n": 40
    }
  }
}