{
  "large": {
    "ret7": {
      "intercept": 1.2184818610686643,
      "slope": 35.6259315584385,
      "n": 92,
      "ret_clip_pct": 0.01,
      "dsent_abs_cap": 0.12
    },
    "ret28": {
      "intercept": 4.7943820735361395,
      "slope": 41.18248991318103,
      "n": 92,
      "ret_clip_pct": 0.01,
      "dsent_abs_cap": 0.12
    }
  },
  "mega": {
    "ret7": {
      "intercept": 0.5741438140883801,
      "slope": -5.209308336150884,
      "n": 88,
      "ret_clip_pct": 0.01,
      "dsent_abs_cap": 0.12
    },
    "ret28": {
      "intercept": 2.0573788935824453,
      "slope": -10.616607868830478,
      "n": 88,
      "ret_clip_pct": 0.01,
      "dsent_abs_cap": 0.12
    }
  },
  "micro": {
    "ret7": {
      "intercept": -5.000367429389118,
      "slope": 75.25806115872345,
      "n": 40,
      "ret_clip_pct": 0.01,
      "dsent_abs_cap": 0.12
    },
    "ret28": {
      "intercept": -4.296651790452646,
      "slope": 134.16444728124776,
      "n": 40,
      "ret_clip_pct": 0.01,
      "dsent_abs_cap": 0.12
    }
  },
  "mid": {
    "ret7": {
      "intercept": 0.9051080580781354,
      "slope": 8.162151606630264,
      "n": 72,
      "ret_clip_pct": 0.01,
      "dsent_abs_cap": 0.12
    },
    "ret28": {
      "intercept": 3.178195842969113,
      "slope": 33.431406388474755,
      "n": 72,
      "ret_clip_pct": 0.01,
      "dsent_abs_cap": 0.12
    }
  },
  "small": {
    "ret7": {
      "intercept": 2.2525224882653303,
      "slope": -13.791234603727908,
      "n": 35,
      "ret_clip_pct": 0.01,
      "dsent_abs_cap": 0.12
    },
    "ret28": {
      "intercept": 2.952129735078017,
      "slope": -87.37706615384687,
      "n": 35,
      "ret_clip_pct": 0.01,
      "dsent_abs_cap": 0.12
    }
  }
}